--CREATING TABLE 'CLIENTS'
CREATE TABLE CLIENTS(CLIENT_ID numeric(4) PRIMARY KEY, CNAME VARCHAR(40) NOT NULL,ADDRESS VARCHAR(30), EMAIL VARCHAR(30) UNIQUE,PHONE numeric(10),BUSINESS VARCHAR(20) NOT NULL);
Insert into CLIENTS (CLIENT_ID,CNAME,ADDRESS,EMAIL,PHONE,BUSINESS)
values (1001,'ACME Utilities','Noida','contact@acmeutil.com','9567880032','Manufacturing');
Insert into CLIENTS(CLIENT_ID,CNAME,ADDRESS,EMAIL,PHONE,BUSINESS)
values (1002,'Trackon Consultants','Mumbai','consult@trackon.com','8734210090','Consultant');
Insert into CLIENTS (CLIENT_ID,CNAME,ADDRESS,EMAIL,PHONE,BUSINESS)
values (1003,'MoneySaver Distributors','Bangalore','save@moneysaver.com','7799886655','Reseller');
Insert into CLIENTS (CLIENT_ID,CNAME,ADDRESS,EMAIL,PHONE,BUSINESS)
values (1004,'Lawful Corp','Chennai','justice@lawful.com','9210342219','Professional');

--Creating table 'Departments'
CREATE TABLE DEPARTMENTS(DEPTNO	NUMERIC(2) PRIMARY KEY,DNAME VARCHAR(15) NOT NULL,LOC VARCHAR(20));
Insert into DEPARTMENTS (DEPTNO,DNAME,LOC) values (10,'Design','Pune');
Insert into DEPARTMENTS (DEPTNO,DNAME,LOC) values (20,'Development','Pune');
Insert into DEPARTMENTS (DEPTNO,DNAME,LOC) values (30,'Testing','Mumbai');
Insert into DEPARTMENTS (DEPTNO,DNAME,LOC) values (40,'Document','Mumbai');--creating table 'Employees'CREATE TABLE EMPLOYEES( EMPNO NUMERIC(4) PRIMARY KEY,ENAME VARCHAR(20) NOT NULL,JOB VARCHAR(15),SALARY NUMERIC(7) CHECK (SALARY > 0),DEPTNO NUMERIC(2) REFERENCES DEPARTMENTS(DEPTNO));
Insert into EMPLOYEES (EMPNO,ENAME,JOB,SALARY,DEPTNO) values (7001,'Sandeep','Analyst',25000,10);
Insert into EMPLOYEES (EMPNO,ENAME,JOB,SALARY,DEPTNO) values (7002,'Rajesh','Designer',30000,10);
Insert into EMPLOYEES (EMPNO,ENAME,JOB,SALARY,DEPTNO) values (7003,'Madhav','Developer',40000,20);
Insert into EMPLOYEES (EMPNO,ENAME,JOB,SALARY,DEPTNO) values (7004,'Manoj','Developer',40000,20);
Insert into EMPLOYEES (EMPNO,ENAME,JOB,SALARY,DEPTNO) values (7005,'Abhay','Designer',35000,10);
Insert into EMPLOYEES (EMPNO,ENAME,JOB,SALARY,DEPTNO) values (7006,'Uma','Tester',30000,30);
Insert into EMPLOYEES (EMPNO,ENAME,JOB,SALARY,DEPTNO) values (7007,'Gita','Tech. Writer',30000,40);
Insert into EMPLOYEES (EMPNO,ENAME,JOB,SALARY,DEPTNO) values (7008,'Priya','Tester',35000,30);
Insert into EMPLOYEES (EMPNO,ENAME,JOB,SALARY,DEPTNO) values (7009,'Nutan','Developer',45000,20);
Insert into EMPLOYEES (EMPNO,ENAME,JOB,SALARY,DEPTNO) values (7010,'Smita','Analyst',20000,10);
Insert into EMPLOYEES (EMPNO,ENAME,JOB,SALARY,DEPTNO) values (7011,'Anand','Project Mgr',65000,10);--CREATING TABLE PROJECTSCREATE TABLE PROJECTS(PROJECT_ID NUMERIC(3) PRIMARY KEY,DESCR VARCHAR(30) NOT NULL,START__DATE DATE,PLANNED_END_DATE DATE,ACTUAL_END_DATE DATE,BUDGET NUMERIC(10) CHECK(BUDGET > 0),
CLIENT_ID NUMERIC(4) REFERENCES CLIENTS(CLIENT_ID));
Insert into PROJECTS (PROJECT_ID,DESCR,START__DATE,PLANNED_END_DATE,ACTUAL_END_DATE,BUDGET,CLIENT_ID) values
(401,'Inventory',('01-APR-11'),('01-OCT-11'),('31-OCT-11'),150000,1001);
Insert into PROJECTS (PROJECT_ID,DESCR,START__DATE,PLANNED_END_DATE,ACTUAL_END_DATE,BUDGET,CLIENT_ID) values 
(402,'Accounting',('01-AUG-11'),('01-JAN-12'),null,500000,1002);
Insert into PROJECTS(PROJECT_ID,DESCR,START__DATE,PLANNED_END_DATE,ACTUAL_END_DATE,BUDGET,CLIENT_ID) values
(403,'Payroll',('01-OCT-11'),('31-DEC-11'),null,75000,1003);
Insert into PROJECTS(PROJECT_ID,DESCR,START__DATE,PLANNED_END_DATE,ACTUAL_END_DATE,BUDGET,CLIENT_ID) values 
(404,'Contact Mgmt',('01-NOV-11'),('31-DEC-11'),null,50000,1004);--Creating table 'EMPLOYEE PROJECT TASKS'CREATE TABLE EMPPROJECTTASKS(PROJECT_ID NUMERIC(3) REFERENCES PROJECTS(PROJECT_ID),EMPNO NUMERIC(4) REFERENCES EMPLOYEES(EMPNO),START_DATE DATE,END_DATE DATE,TASK VARCHAR(25) NOT NULL,STATUS VARCHAR(15) NOT NULL,
PRIMARY KEY(PROJECT_ID,EMPNO));
Insert into EMPPROJECTTASKS(PROJECT_ID,EMPNO,START_DATE,END_DATE,TASK,STATUS)
values (401,7001,('01-APR-11'),('20-APR-11'),'System Analysis','Completed');
Insert into EMPPROJECTTASKS
(PROJECT_ID,EMPNO,START_DATE,END_DATE,TASK,STATUS)
values (401,7002,('21-APR-11'),('30-MAY-11'),'System Design','Completed');
Insert into EMPPROJECTTASKS
(PROJECT_ID,EMPNO,START_DATE,END_DATE,TASK,STATUS)
values (401,7003,('01-JUN-11'),('15-JUL-11'),'Coding','Completed');
Insert into EMPPROJECTTASKS
(PROJECT_ID,EMPNO,START_DATE,END_DATE,TASK,STATUS)
values (401,7004,('18-JUL-11'),('01-SEP-11'),'Coding','Completed');
Insert into EMPPROJECTTASKS
(PROJECT_ID,EMPNO,START_DATE,END_DATE,TASK,STATUS)
values (401,7006,('03-SEP-11'),('15-SEP-11'),'Testing','Completed');
Insert into EMPPROJECTTASKS
(PROJECT_ID,EMPNO,START_DATE,END_DATE,TASK,STATUS)
values (401,7009,('18-SEP-11'),('05-OCT-11'),'Code Change','Completed');
Insert into EMPPROJECTTASKS
(PROJECT_ID,EMPNO,START_DATE,END_DATE,TASK,STATUS)
values (401,7008,('06-OCT-11'),('16-OCT-11'),'Testing','Completed');
Insert into EMPPROJECTTASKS
(PROJECT_ID,EMPNO,START_DATE,END_DATE,TASK,STATUS)
values (401,7007,('06-OCT-11'),('22-OCT-11'),'Documentation','Completed');
Insert into EMPPROJECTTASKS
(PROJECT_ID,EMPNO,START_DATE,END_DATE,TASK,STATUS)
values (401,7011,('22-OCT-11'),('31-OCT-11'),'Sign of','Completed');
Insert into EMPPROJECTTASKS
(PROJECT_ID,EMPNO,START_DATE,END_DATE,TASK,STATUS)
values (402,7010,('01-AUG-11'),('20-AUG-11'),'System Analysis','Completed');
Insert into EMPPROJECTTASKS
(PROJECT_ID,EMPNO,START_DATE,END_DATE,TASK,STATUS)
values (402,7002,('22-AUG-11'),('30-SEP-11'),'System Design','Completed');
Insert into EMPPROJECTTASKS
(PROJECT_ID,EMPNO,START_DATE,END_DATE,TASK,STATUS)
values (402,7004,('01-OCT-11'),null,'Coding','In Progress');SELECT * FROM CLIENTS;
SELECT * FROM DEPARTMENTS;
SELECT * FROM EMPLOYEES;
SELECT * FROM PROJECTS;
SELECT * FROM EMPPROJECTTASKS;